Title,Content
CANADA STOCKS-TSX posts weekly decline amid US stagflation worries,"Canada's main stock index ended higher on Friday as industrial and financial shares rose, but the gain was modest as U.S. economic data raised concerns that investors could be facing a combination of slow economic growth and high inflation.  The Toronto Stock Exchange's S&P/TSX composite index ended up 2.01 points, or 0.01%, at 20,419.62.  For the week, it was down 0.6%, its third straight week of declines, as signs of slowing economic growth in the United States and China weighed on sentiment."
The TV Ad Market Was Already Looking Bleak. Then the Writers’ Strike Happened.,"The writers’ strike is casting a shadow over the TV business’s annual advertising bazaar, which was already under pressure from a softening ad market and eroding television ratings."
It May Be Time to Nibble on Small-Cap Stocks. Just Don’t Gorge.,"Big Tech stocks like Apple and Tesla are lifting the major indexes. Small-caps are suffering, but look cheap."
"GLOBAL MARKETS-Stocks slip as US consumer confidence slumps, dollar gains","The dollar rose on Friday but a gauge of global stocks retreated on a report that showed U.S. consumer sentiment slumped to a six-month low in May, reinforcing bearish investor sentiment over talks to raise the U.S. government's debt ceiling.  The dollar gained against the euro, yen and other major currencies as it headed for its biggest weekly gain since February as concerns about the government's borrowing cap and Federal Reserve monetary policy prompted a shift to safe havens."
"These Stocks Are Moving the Most Today: Tesla, First Solar, News Corp, Icahn Enterprises, Twilio, and More","Tesla CEO Elon Musk names a new CEO for Twitter, First Solar jumps on its acquisition of European thin film company Evolar, and shares of News Corp trade higher after the publisher's earnings beat estimates."
Dow Jones Finishes Flat; Tesla Falls On Fresh China Recall Of 1 Million Cars,The Dow Jones Industrial Average closed flat after paring earlier losses Friday while other stock market indexes showed slight losses. A rush of late buying cut the market's losses. The Dow tested support at the 50-day moving average for the second day in a row.
Fed’s Extreme Stranglehold Over Wall Street Trading Is Easing,"(Bloomberg) -- Risky and safe assets alike have hung on every word and deed of Jerome Powell and Co. for more than a year. Now slowly but surely, the Federal Reserve’s stranglehold over financial markets is easing. Most Read from BloombergElon Musk Picks Linda Yaccarino as Next Twitter CEOFlorida’s Money Man Threatens to Cut Ties With Bank of America, Wells FargoYellen Says ‘We Have to Default’ on Something If Congress FailsKen Griffin’s Hand-Picked Math Prodigy Runs Market-Making EmpireTesla Re"
AI Initiatives — And This Business — Have Google Stock On Cloud 9,"As fellow AI stocks Microsoft, Nvidia, Apple and Amazon ride a tech rebound, Google stock continues its ascent."
S&P 500 Logs Another Muted Week,One sign of the stock market's relative calm since [the banking turmoil in March](https://www.wsj.com/articles/the-banking-sector-turmoil-in-charts-52bb6095)? The S&P 500 logged a sixth straight week without moving more than 1% in either direction.
"Stocks slide into the weekend after sentiment, inflation data: Stock market news today",Stocks finished lower on Friday as the Nasdaq served as the only major index to log weekly gains.
McDonald's found liable for hot Chicken McNugget that burned girl,
Reserve currency memorandums have 'multiple benefits' for other countries: Portfolio manager,
‘A slow-moving car crash’: The US Education Department set to send student loan bills for the first time in 3 years — but also made cuts because it's strapped for cash. What could go wrong?,
Krispy Kreme CEO on McDonald's test expansion: It's a 'pretty rigorous process',
Apple reportedly set to unveil its mixed-reality headset,
Macro guru: The US government may 'restrict your right' to pull money out of banks as panic escalates — here's what he likes for protection. Plus 2 other shockproof assets,
‘I was just helping’: YouTube’s biggest star MrBeast responds to criticism of him buying a neighborhood to house his staff and family,
'You are just a number': Woman claims in viral TikTok that she worked at a job for 10 years — but got locked out of her laptop just minutes after resigning. Here are her takeaways,
What’s on the table of the US debt ceiling talks,
Netflix plans to cut $300 million in spending in 2023,
"When Jamie Dimon speaks, Wall Street listens - and he just warned of catastrophe",
‘This Is Beyond Anything I’ve Seen’: Mark Cuban Says He’s Amazed by the Potential Impact of AI — Here Are 2 Stocks That Wall Street Likes,
"Charlie Munger pockets $70,000 a year from a $1,000 investment he made in 1962 - and has likely raked in over $1 million in total",
Investing study: 2 personality traits 'stand out in their explanatory power for equity investments',
Debt ceiling has become a 'crazy kind of double jeopardy on government operations': Paul Krugman,
Americans are worried about the economy. That could make a debt default even worse.,
