Title,Content
CANADA STOCKS-TSX posts weekly decline amid US stagflation worries,"Canada's main stock index ended higher on Friday as industrial and financial shares rose, but the gain was modest as U.S. economic data raised concerns that investors could be facing a combination of slow economic growth and high inflation.  The Toronto Stock Exchange's S&P/TSX composite index ended up 2.01 points, or 0.01%, at 20,419.62.  For the week, it was down 0.6%, its third straight week of declines, as signs of slowing economic growth in the United States and China weighed on sentiment."
Lobbyist pleads guilty to conspiracy in scheme to bribe Michigan marijuana board chair,"A fourth person pleaded guilty Friday in an investigation of bribery at the now-defunct Michigan marijuana licensing board.  A lobbyist, Brian Pierce, said he conspired to give $42,000 and other benefits to Rick Johnson to help clients with marijuana license applications before the board was disbanded in 2019.  A businessman and another lobbyist have also pleaded guilty in the FBI investigation."
Krispy Kreme CEO on McDonald's test expansion: It's a 'pretty rigorous process',"Krispy Kreme (DNUT) is six weeks into the expansion of its test with fast food chain McDonald's (MCD), and Mike Tattersfield, Krispy Kreme CEO, said both sides are ""pretty pleased"" with the current results."
Tesla stock closes lower after Elon Musk named new Twitter CEO,"The Yahoo Finance Live team discusses a drop in Tesla shares after Twitter CEO Elon Musk decided on the new chief executive for the social media platform, amid Tesla model recalls overseas and price changes."
"GLOBAL MARKETS-Stocks slip as US consumer confidence slumps, dollar gains","The dollar rose on Friday but a gauge of global stocks retreated on a report that showed U.S. consumer sentiment slumped to a six-month low in May, reinforcing bearish investor sentiment over talks to raise the U.S. government's debt ceiling.  The dollar gained against the euro, yen and other major currencies as it headed for its biggest weekly gain since February as concerns about the government's borrowing cap and Federal Reserve monetary policy prompted a shift to safe havens."
New menopause drug for hot flashes gets FDA approval,"U.S. health regulators on Friday approved a new type of drug for women dealing with uncomfortable hot flashes caused by menopause.  The Food and Drug Administration approved the once-a-day pill from Astellas Pharma to treat moderate-to-severe symptoms, which can include sweating, flushing and chills.  Astellas' drug, Veozah, uses a new approach, targeting brain connections that help control body temperature."
State regulations giving consumers choice to 'opt out' of AI handling their personal data: Attorney,"Bryan Cave Leighton Paisner Counsel Goli Mahdavi joins Yahoo Finance Live to discuss U.S. state legislation surrounding developments in the AI landscape after the European Union passed legislation to regulate AI tools, including a ban on facial recognition, and how the regulation could transform the AI industry."
Reserve currency memorandums have 'multiple benefits' for other countries: Portfolio manager,"Doubleline Capital Portfolio Manager Bill Campbell joins Yahoo Finance Live to discuss the decline of the U.S. Dollar, the financial sanctions on Russia after the start of the Russia-Ukraine conflict, bilateral trade with China, and how the use of foreign currencies can be beneficial for other countries."
Linda Yaccarino's Twitter CEO appointment will 'free up' Elon Musk to work on Tesla: Analyst,"Gerber Kawasaki Wealth & Investment Management CEO Ross Gerber details how Elon Musk's appointment of Linda Yaccarino as Twitter CEO is expected to weigh on Tesla stock, while commenting on Tesla recalls and EV pricing."
Apple reportedly set to unveil its mixed-reality headset,Yahoo Finance tech reporter Allie Garfinkle discusses a report that Apple is close to unveiling its planned mixed-reality headset.and breaks down how the release could impact investor expectations.
McDonald's found liable for hot Chicken McNugget that burned girl,
Reserve currency memorandums have 'multiple benefits' for other countries: Portfolio manager,
‘A slow-moving car crash’: The US Education Department set to send student loan bills for the first time in 3 years — but also made cuts because it's strapped for cash. What could go wrong?,
Krispy Kreme CEO on McDonald's test expansion: It's a 'pretty rigorous process',
Apple reportedly set to unveil its mixed-reality headset,
Macro guru: The US government may 'restrict your right' to pull money out of banks as panic escalates — here's what he likes for protection. Plus 2 other shockproof assets,
‘I was just helping’: YouTube’s biggest star MrBeast responds to criticism of him buying a neighborhood to house his staff and family,
'You are just a number': Woman claims in viral TikTok that she worked at a job for 10 years — but got locked out of her laptop just minutes after resigning. Here are her takeaways,
What’s on the table of the US debt ceiling talks,
Netflix plans to cut $300 million in spending in 2023,
"When Jamie Dimon speaks, Wall Street listens - and he just warned of catastrophe",
‘This Is Beyond Anything I’ve Seen’: Mark Cuban Says He’s Amazed by the Potential Impact of AI — Here Are 2 Stocks That Wall Street Likes,
"Charlie Munger pockets $70,000 a year from a $1,000 investment he made in 1962 - and has likely raked in over $1 million in total",
Investing study: 2 personality traits 'stand out in their explanatory power for equity investments',
Debt ceiling has become a 'crazy kind of double jeopardy on government operations': Paul Krugman,
Americans are worried about the economy. That could make a debt default even worse.,
