Title,Content
Navigating geopolitical headwinds,The defining feature of the geopolitical era unfolding around us is an accelerating interdependence between economic and security spheres.
,
,
,
,
,
US Weekly Commentary: Tighter financial conditions needed,The Federal Reserve may have still more work to do if things don’t change pretty quickly.
,
,
,
Resource nationalism in West Africa,Requirements that companies commit to greater local content and domestic processing of resources are likely in the one- to three-year outlook....
,
,
,
,
Banking risk monthly outlook: May 2023,Our banking risk experts provide insight into events impacting the financial sector in emerging markets in May.
,
,
,
Weekly Pricing Pulse: Widespread drop in materials prices amid sluggish manufacturing demand,Elevated materials prices continue to normalize as supply remains adequate to meet current demand levels
,
,
,
Brazil’s inflation falls and there may be room for easing monetary policy this year,The current rate is significantly high and lagged effects of previous monetary tightening by Brazil’s central bank will continue to work.
,
,
,
,
,
Romania successfully accelerates EU funds absorption in 2022; 2023 may be challenging,Further disbursements to Romania under the EU’s Recovery and Resilience Facility hinge on the government passing contentious reforms.
,
,
,
US Weekly Economic Commentary: Storm clouds building,The expected softness in the second quarter leaves open the possibility that the US will slip into recession by midyear.
,
,
,
Weekly Pricing Pulse: Commodity prices dip as oil demand weakens,Prices down last week as Eurozone manufacturing data disappoints - per our MPI
,
,
,
Vulnerable housing and real estate markets,"Tightening monetary conditions are driving a softening of house prices, which in some key markets are expected to decline in 2023 and 2024."
,
,
,
US Weekly Economic Commentary: Soft data paint mixed picture amid slowing economy,Last week was a busy one for “soft” data and results from several surveys painted a mixed picture of economic conditions.
,
,
,
The global economy shows resilience in the face of tightening financial conditions,"World real GDP projected to increase 2.3% in 2023, 2.7% in 2024"
,
,
,
Political scenarios for Turkey’s presidential and general elections,We examine potential electoral scenarios and their policy implications over a 12-month outlook from the election date.
,
,
,
Weekly Pricing Pulse: Commodities lower as inflation remains stubbornly high,Prices were down last week as markets await further interest rate rises.
,
,
,
,
,
Chile and Peru’s copper for energy transition,Chile and Peru face the challenge of rapidly expanding the output capacity amid regulatory and political uncertainty.
,
,
,
,
,
,
World cup hosting lifts Qatar’s real GDP growth to 8.0% YOY in Q4; slower growth ahead,"Robust Q4 economic activity lifted real GDP growth to close to 4.8% in 2022, a level unseen since the middle of the last decade."
,
,
,
,
US Weekly Economic Commentary: Solid growth and elevated inflation still shining through,New data on sales encouraged us to revise up our estimate of first-quarter real PCE growth to a very robust 4.8% (annualized).
,
,
,
Mexico likely to pass restrictive legal changes to mining and state contract procedures,Discretionary government use of the proposed legal tools for political purposes would entail a significant increase in contract uncertainty.
,
,
,
,
US Weekly Economic Commentary: Big wheel keeps on turning — but it’s slowing,There is rough sledding ahead; we just can’t say for sure where the bumps and valleys are.
,
,
,
Weekly Pricing Pulse: Commodities higher as contagion fears wane,Commodity prices supported last week by hope banking crises will be contained - insights from our MPI
,
,
,
Brazil–China strategic partnership,Brazil–China trade seminar generates multiple agreements to deepen bilateral business links
,
,
State fiscal reserves at historic highs ahead of impending slowdown,Continued inflationary challenges and the exhaustion of federal stimulus will limit rainy day fund growth in the near term
,
,
,
Banking risk monthly outlook: April 2023,Our banking risk experts provide insight into events impacting the financial sector in emerging markets in April
,
,
,
Eurozone’s tight labor market still faces low wage/price spiral,High inflation and a tight labor market in the eurozone will drive nominal wage growth higher in the short term.
,
,
,
Sub-Saharan African currencies will be more vulnerable to exchange rate pressures in 2023,"Dwindling external buffers raise sub-Saharan African currency depreciation risks, but capital controls unlikely."
,
US Monthly GDP Index for February 2023,"According to our Monthly US GDP Index, monthly GDP rose 0.2% in February"
,
,
Baltic states grapple with high unemployment rates for Ukrainian refugees,The challenge for 2023 is to increase the absorption of refugees in the Baltic labor markets.
,
,
,
,
Opposition to Israeli government’s proposed judicial changes,Single-day strikes have by now affected most of the economy and will likely become protracted if dialogue fails.
,
,
,
,
The economic consequences of coordinated cyber-attacks,The world’s seaports are one of the global economy’s principal vulnerabilities as they can act as enablers of shocks that may spread globally....
,
,
,
,
,
US Weekly Economic Commentary: Fed keeps thumb on inflation after banking turmoil,The Fed acknowledged that a contraction of credit emanating from banking sector turmoil was likely to create new headwinds for the economy.
,
,
,
Czech technical recession against strong Romanian growth in 2022,"Czechia and Romania represent the two ends of CEE-4 GDP performance last year, reflecting their relative external exposures."
,
,
,
Sri Lanka secures IMF funding; austerity measures likely to worsen civil unrest risks,The initial IMF disbursement will provide temporary relief but austerity measures will be unpopular
,
,
,
,
,
,
Eurozone flash PMI signals faster than expected growth in March,Eurozone economic growth accelerated to a ten-month high in March according to the latest flash PMI survey data
GDP growth in sub-Saharan Africa likely to slow in 2023,"In 2023, growth in sub-Saharan Africa will slow further on the expectation of weaker global growth."
,
,
,
,
,
Assessing the debt market fallout from banking sector instability,A look at the bond market impacts of recent banking sector instability.
,
,
Weekly Pricing Pulse: Commodities down amid market turmoil,Financial sector woes spread to commodity markets last week as seen in our MPI
,
,
,
Banking stresses amplify economic risks,"Actions by central banks and regulators to provide liquidity and broaden deposit insurance will likely avert a major financial crisis, but the..."
,
,
,
,
US Weekly Economic Commentary: Financial turbulence reflects and creates uncertainty,"Recent financial turbulence is reflecting uncertainty about the underlying health of the banking system, casting a shadow over the value of assets..."
,
,
,
,
Argentina’s balance between debt and fiscal management and electoral objectives in 2023,"For the next two political terms, Argentina’s next two governments will face heavy external debt service requirements."
,
,
,
,
UK house prices in February posted largest annual fall since end-2012,Housing market activity and prices will come under persistent pressure during 2023.
,
,
,
,
Saudi-Iranian agreement indicates intent for de-escalation and more independent Saudi policy,The agreement likely reflects a wider attempt by Saudi leadership to reset perceptions of Saudi Arabia as a stabilizing actor in the region.
,
,
,
,
Weekly Pricing Pulse: Commodities edge higher despite market turmoil,Equity sell-off not enough to stop commodity price rises last week per our MPI
,
,
,
"Kenya revives power purchase agreements, aiding foreign investment efforts",Resuming the issuance of PPAs and deprioritizing contract renegotiations aligns with the government’s aim to increase foreign direct investment....
,
,
,
,
,
,
Silicon Valley Bank failure complicates Fed’s job to slow inflation to 2%,"With inflation remaining well above the Fed’s 2% target, we should expect increases in the policy rate to continue."
,
,
,
Tripwires that could signal trouble for Iran’s nuclear talks,We identify seven tripwires that would indicate that a collapse in Iran’s nuclear talks was becoming more likely.
,
,
,
Weekly Pricing Pulse: Marginal gain for commodities amid subdued trading,Official data offered few signals for future growth and limited price movement per our MPI
,
,
,
,
Banking risk monthly outlook: March 2023,Our banking risk experts provide insight into events impacting the financial sector in emerging markets in March
,
,
,
Hard core: Underlying price pressures to extend ECB rate-hiking cycle,Soaring alternative inflation metrics cement the case for additional 50bp rate hikes for the EU
,
,
,
,
"US Weekly Economic Commentary: Inflation elevated, rates headed higher","The risk of an imminent recession has receded, and the risk of imbedded high inflation has risen."
,
,
,
US Monthly GDP Index for January 2023,"According to our Monthly US GDP Index, monthly GDP rose 0.3% in January."
,
,
Weekly Pricing Pulse: Commodities edge lower as inflation fears resurface,Strong US inflation data concerns traders but mainland China optimism remains
,
,
,
Resource shortages likely to disrupt critical supply chains in South Africa,"The mining, agriculture, automobile, and energy sectors, all of which are heavy users of water, are likely to be impacted."
,
,
,
,
,
,
The economic and operational impacts in Syria-Turkey earthquake zones,"Outside of the vast human and social impacts of the earthquake, the biggest national economic impact will be on the fiscal deficit."
,
,
,
,
US Weekly Economic Commentary: Stubborn inflation clouds the outlook,The odds of recession beginning in the first half of 2023 have receded somewhat over the last few weeks.
,
,
,
Weekly Pricing Pulse: Commodities down as energy crisis recedes,Worst-case scenario in European energy markets is avoided which is helping to lower commodity prices
,
,
,
"The global economy moves forward, averting recession","The global economic outlook has brightened, with the major economies showing resilience in early 2023. However, persistent core inflation will..."
,
,
US Weekly Economic Commentary: Stronger for longer?,"We revised up our tracking forecast for first-quarter US GDP growth, following a huge increase in retail sales and food services in January."
,
,
,
Weekly Pricing Pulse: Commodity prices slide amid weak mainland China demand,The much-anticipated resurgence in Mainland China manufacturing remains elusive
,
,
,
Securing semiconductor supplies in the EU,The EU is building tools to allow greater public control in situations of severe supply chain disruptions.
,
,
,
,
,
US Weekly Economic Commentary: Inching towards recession as markets play chicken with the Fed,"Financial markets are pricing in doubt that the FOMC will push its policy rate as high, or for as long, as Fed communications suggest."
,
,
,
Russia-Ukraine war: One year on,Ukraine’s ability to counter a likely Russian offensive in the coming months and resist the Russian air campaign will hinge on military assistance....
,
,
,
,
The shifting global semiconductor landscape in Asia-Pacific,"Public policy initiatives, driven by supply chain and national security concerns, will change the global configuration of the semiconductor sector...."
,
,
,
Weekly Pricing Pulse: Commodities down on bearish outlook,Falling energy prices continue and weaker demand remains the major influence on commodity markets
,
,
Banking risk monthly outlook: February 2023,Our banking risk experts provide insight into events impacting the financial sector in emerging markets in February.
,
,
,
Top US regional economic predictions for 2023,This coming US recession will have less of a regional theme than past ones given its mild nature and broad-based drivers.
,
,
,
US Weekly Economic Commentary: Surprisingly strong employment in January,The latest economic data hint at the possibility that the US might avoid rolling over into a (mild) recession as soon as the first quarter.
,
,
,
Where to find the fastest adoption rates for blockchain technology,Sub-Saharan Africa is achieving the fastest adoption rates for blockchain technology globally.
,
,
,
Rising cost of living is likely to fuel protests in Europe in 2023,"The risk of violence during protests is likely to be highest in France, Belgium, the Netherlands, and Germany."
,
,
,
Threat to the energy transition from capital costs,Our case study underlines the danger that companies may be overstating the business risks associated with renewable energy investments in emerging...
,
,
,
,
,
,
Weekly Pricing Pulse: Falling energy prices mark the start of a New Lunar Year for commodity markets,"Falling energy prices define the commodity landscape this week, leading to a decline in the MPI"
,
,
US Weekly Economic Commentary: Don’t be fooled by Q4 GDP,"Underlying demand growth is weak, supporting our expectation that GDP growth will turn negative in early 2023."
,
,
,
Bank of Canada pauses monetary policy,The Bank of Canada will remain on the sidelines throughout this year before it even contemplates cutting interest rates.
,
,
,
Weekly Pricing Pulse: Commodity prices rise on chemical market strength,Gains in chemicals and lumber pushed commodity prices slightly higher for the second consecutive week
,
,
,
The global economic outlook brightens as inflation eases,"World real GDP is now projected to increase 1.9% in 2023, up from last month’s forecast of 1.6% growth."
,
,
,
US Weekly Economic Commentary: Shrinking goods sector,There has been a notable weakening in consumer demand for goods as reflected in retail sales.
,
,
,
Mexico’s nearshoring potential likely to grow as alignment with US increases,The focus on semiconductors and critical minerals during the recent summit emphasized the nearshoring opportunities for Mexico.
,
,
US Weekly Economic Commentary: Inflation rounding the corner,"We expect continued declines in both headline and core inflation, consistent with our forecast for a mild recession this year."
,
,
,
What makes supply chains vulnerable to disruption?,Sectors with longer supply chains are likely to remain vulnerable to disruptions.
,
,
,
Weekly Pricing Pulse: Commodity prices ease at start of 2023,Falling energy prices and demand concerns send prices slightly lower last week
,
,
,
US Weekly Economic Commentary: Solid ending to 2022,We have revised up our estimate of fourth-quarter GDP growth by nearly two percentage points since Dec. 23.
,
,
,
Top 10 themes to watch for in global banking in 2023,"As expected, despite an overhang of risk from the pandemic, global banking sectors again avoided major crises in 2022. Starting 2023, however..."
,
,
Weekly Pricing Pulse: A mixed week for commodity markets overshadowed by sharp decline in energy prices,Unseasonably warm weather to round out 2022 in Europe and the US relieves natural gas markets.
,
,
,
US Monthly GDP Index for November 2022,"According to our Monthly US GDP Index, monthly US GDP rose 0.4% in November."
,
,
Top 10 economic predictions for 2023,"Central banks' efforts to subdue inflation will dominate the economic landscape in 2023, producing a pronounced slowdown in global economic growth...."
,
,
,
Key themes for Latin America in 2023,"2023 will be marked by economic deceleration, the consolidation of the political left, higher fiscal burden, and greater business disruption..."
,
,
,
,
,
MENA region’s economic growth to slow after strong 2022,"MENA’s real GDP growth will likely slow in 2023, as the region’s economies are not immune to weakening global demand and tightening financial..."
,
,
,
,
"US Weekly Economic Commentary: Spending, production declines","We expect that PCE growth will slow to a crawl early next year, as the economy rolls over into what will likely be a mild recession."
,
,
,
Debt Market conditions improve towards year-end,"Debt market conditions are improving for riskier asset classes, indicated by both aggregate and issuer-specific factors."
,
,
,
Weekly Pricing Pulse: Significant price rises for commodities,Gradual lifting of Chinese COVID-19 restrictions support commodities
,
,
,
ESG and exclusionary policies affecting Latin America,"ESG-related scrutiny will significantly increase for projects in Latin America, especially for ESG-oriented lenders or investors with a focus..."
,
,
,
US Weekly Economic Commentary: 2023 Recession,Easing of financial conditions since October and the firmness of recent real data suggest a delay in the onset of recession to early 2023.
,
,
,
Banking risk monthly outlook: December 2022,Our banking risk experts provide insight into events impacting the financial sector in emerging markets in December.
,
,
,
Regional inequality in the UK: London slows down and still outperforms,"We expect London GDP to grow 5.0% year-on-year in 2022, outstripping all other areas of the UK and widening regional inequalities."
,
,
,
Weekly Pricing Pulse: Commodity prices soar,A European cold snap and loosening Chinese COVID-19 restrictions support commodities
,
,
,
US Weekly Economic Commentary: Strong labor demand,We expect the Fed to slow the pace of rate hikes beginning this month and to raise the target for the federal funds rate over the next several...
,
,
Water scarcity in Latin America: Operational challenges,"Extreme weather events such as water stress, floods, and droughts have led to additional operational challenges in Latin America."
,
,
,
,
US Monthly GDP Index for October 2022,Monthly US GDP rose 0.3% in October
,
,
Weekly Pricing Pulse: Tighter COVID-19 containment measures in mainland China pour cold water on market sentiment,Cooler sentiment over the outlook for mainland China’s relaxation of zero-Covid policy has pulled prices lower after the previous week’s increase...
,
,
,
,
Vulnerable housing markets in Europe can deepen recessions,"Across Europe residential real estate prices have been rising amid low interest rates, boosting affordability and making investments in real..."
,
,
,
,
US Weekly Economic Commentary: More resiliency,"We revised up our forecast of fourth-quarter US GDP growth to a 0.8% annual rate, reflecting sizeable increases in orders and shipments of capital..."
,
,
The world economy faces an extended cooling off period,We project global real GDP growth to slow from 5.9% in 2021 to 2.9% in 2022 and 1.5% in 2023.
,
,
,
A world rebalancing,"five organizing themes that will drive the economic and risk environment in 2023: global security unsettled, energy trade-offs, precarious supply..."
,
,
,
US Weekly Economic Commentary: Resilient consumers,"Largely on the resiliency in US retail sales, we revised up our forecast of fourth-quarter US GDP growth by 0.7 percentage point to +0.4%."
,
,
,
Outlook for India’s economic growth and policy platforms,India’s ambition to increase its economic power is unlikely to be limited to encouraging foreign investor participation.
,
,
,
,
Weekly Pricing Pulse: Commodity price growth returns,Our MPI signals that better news on US inflation and easing Chinese COVID-19 restrictions boost markets
,
,
,
,
Flash PMI preview: November flash PMI data to provide insights into inflation trends and recession risks,"November flash PMI data will be eagerly awaited in the coming week to shed light on inflation, employment trends and risks of recession in the..."
,
"Nominal holiday sales up, real sales down","US holiday sales will grow a solid 4.5% in 2022, above the pre-pandemic average of 3.9% and well below the lofty rates seen in recent years."
,
,
,
US Weekly Economic Commentary: Fed will downshift to “50”,The better-than-expected US Consumer Price Index report for October supports a downshift in the pace of Fed rate hikes in December.
,
,
,
,
Week Ahead Economic Preview: Week of 14 November 2022,An assortment of data releases packs the week ahead including US and China’s retail sales and industrial production figures.
,
Weekly Pricing Pulse: Commodities down on bearish demand outlook,Weak global construction prospects spark latest sell-off
,
,
,
,
COP27: Framing water scarcity and food security as global issues,Latin American and African representatives are likely to frame water scarcity as a global issue affecting food security to obtain financing commitments....
,
,
,
COP27: Energy security concerns collide with climate agenda,The Russia–Ukraine conflict has severely disrupted energy supply in the EU and forced a near-term policy divergence between energy security and...
,
,
,
Foreign exchange shortages could prompt further debt restructuring trend in SSA,More sub-Saharan African countries are likely to seek further debt restructuring as foreign exchange shortages rise.
,
,
,
US Weekly Economic Commentary: Recession still likely,"Demand has softened, and we continue to expect a weak fourth quarter with US GDP contracting slightly, marking the start of a recession."
,
,
COP27: Implementation constraints amid the Russia–Ukraine conflict,The conflict in Ukraine is likely to further deviate the timeline for meeting the targets of limiting temperature rise and reaching net-zero...
,
,
,
How nighttime lights illuminate economic activity,Planners who are in the dark about local economic activity could look at where the lights are on for insights into local economic and industry...
,
,
,
Economic snapshots of the battleground states in US mid-term elections,"With US mid-terms elections this week, our US regional team explores the critical economic issues motivating voters in swing states"
,
,
,
Banking risk monthly outlook: November 2022,Our banking risk experts provide insight into events impacting the financial sector in emerging markets in November
,
,
US Monthly GDP Index for September 2022,"According to our Monthly US GDP Index, monthly GDP declined 0.1% in September."
,
,
Weekly Pricing Pulse: Commodities dip as mild weather eases energy pressures,From our MPI: Lower demand for natural gas in Europe pushes prices down
,
,
,
Recessions in Europe: How deep and how long?,Energy shortages due to unusually cold weather could lead to much deeper near-term output contractions than forecast.
,
,
,
US Weekly Economic Commentary: Q3 surprise but recession looms,"We revised up our US forecast of fourth-quarter GDP growth by 0.4 percentage point, but we still show the US economy contracting at a 0.7% annual..."
,
,
,
Oil and gas revenue will boost real estate and construction spending in the Gulf,"The UAE, Qatar, and Saudi Arabia are expected to experience healthy total construction growth in 2022 and 2023."
,
,
,
Ghana’s increasing risk of debt default,"Amid increasing concerns over unsustainable debt levels in many African countries, Ghana's default risk has increased."
,
,
,
Weekly Pricing Pulse: Commodities down as demand prospects dim,Politburo meeting fails to boost market sentiment
,
,
,
Capital Markets: Emerging markets continue generating mixed signals,"Emerging market supply remains strong for investment-grade issuers, but debt restructuring issues are affecting several sub-Saharan countries..."
,
,
,
US Weekly Economic Commentary: Manufacturing vs. housing,"Manufacturing activity expanded in September, while contraction has intensified in the U.S. housing sector."
,
,
,
Trick-or-treaters will bag less loot as Halloween candy prices eat into sales volumes,"Parents are expected to spend $3.2 billion on candy this Halloween — a record amount, which works out to about $25 per household."
,
,
,
Weekly Pricing Pulse: Commodity prices edge up slightly,"Despite last week’s commodity price increase, weak demand will dominate pricing in the near term."
,
,
,
,
US Weekly Economic Commentary: Inflation pressure,The Fed will be forced to raise interest rates to support tight financial conditions and a softening in demand in pursuit of lower inflation....
,
,
,
Weekly Pricing Pulse: Commodity prices drop despite OPEC intervention,"Per our MPI, improving gas market fundamentals pull commodity prices lower"
,
,
,
,
US midterm election scenarios: Divided Congress is most likely outcome,US midterm elections represent a referendum on the president. Issues weighing down the president’s approval rating include inflation and immigration....
,
,
High-cost US metro areas are struggling to recover from pandemic,Many US residents and businesses left high-cost coastal cities during the pandemic for lower-cost southern and Mountain locations.
,
,
,
"US Weekly Economic Commentary: Employment, hours grew in September",We expect US labor markets to ease in coming quarters as the Federal Reserve continues to raise interest rates
,
,
,
Banking risk monthly outlook: October 2022,"Our banking risk experts provide insight into events impacting the financial sector in emerging markets in October including: China, Ghana, and..."
,
,
,
Weekly Pricing Pulse: Commodity prices down amid bond market turmoil,Market confidence low as borrowing costs soar and buyers take flight
,
,
,
,
"Brazil’s first-round election results increase risk of gridlock in Congress, posing hurdles to fiscal consolidation","The likely need for a wide coalition, regardless of who wins the election, will prevent sharp changes in policy and would slow down structural..."
,
,
,
The economic impact of Hurricane Ian,"Hurricane Ian, a category 4 hurricane that hit southwest Florida in late September will shave 1.5–2.0 percentage points off Florida’s Q3 GDP..."
,
,
,
US Weekly Economic Commentary: Likely to tip into recession,We expect outright declines in real US GDP beginning as soon as the fourth quarter of this year.
,
,
,
US Monthly GDP Index for August 2022,"According to our Monthly GDP Index, US monthly GDP rose 0.8% in August."
,
,
Weekly Pricing Pulse: Commodity sell-off resumes as central banks continue to address inflation,Market confidence hit by further aggressive interest rate hikes as shown in the MPI
,
,
,
,
"Protests over price increases in Indonesia to continue, with low risks to businesses",Protests in Indonesia are not supported by major political parties and are unlikely to transform into wider discontent with the government.  ...
,
,
,
"UK tax-cut plan induces short-term pain in debt market, inflation fight","The UK must borrow money to fund its tax cuts, triggering turmoil in financial markets and uncertainty in the inflation fight."
,
,
,
Critical minerals: Illuminating the path to an electric future,The surge in demand for critical minerals creates opportunities for companies and exacerbates regulatory and operational risks.
,
,
,
,
,
,
,
Zeroing in on attractive construction markets,Our regional data and country risk scores help investors pinpoint attractive locations for construction projects.
,
,
,
US Weekly Economic Commentary: Worsening financial conditions likely to tip US into recession,We expect the US recession to be mild by historical standards. The unemployment rate is likely to rise by several percentage points.
,
,
Tightening financial conditions will slow global economic growth and inflation,"Tightening financial conditions will lead to a further slowdown in global economic growth, putting expansions in vulnerable regions at risk and..."
,
,
,
Weekly Pricing Pulse: Commodity prices rise in a calm week for energy markets,Commodity prices marked a slight increase last week with a mixed bag between subcomponents
,
,
,
"US Weekly Economic Commentary: Weak growth, high inflation",We lowered our forecast of third-quarter US GDP growth as data suggested less growth of personal consumption expenditures.
,
,
,
Weekly Pricing Pulse: Commodity sell-off as central banks tackle inflation,Market sentiment hit by big interest rate hikes - MPI highlights increasing anxiety
,
,
,
,
,
US Weekly Economic Commentary: Growth recession,We expect US GDP growth to improve to sluggish rates in the third and fourth quarters. We don’t expect much improvement in growth in 2023.
,
,
,
Weekly Pricing Pulse: Commodity sell-off as data continues to disappoint,"Prospects for slower demand continue to weigh on commodity prices, with data last week further harming market sentiment."
,
,
,
Banking risk monthly outlook: September 2022,Our banking risk experts provide insight into events impacting the financial sector in emerging markets in September.
,
,
,
US Weekly Economic Commentary: Strong labor markets in August,Labor demand is still very strong and labor markets are extraordinarily tight.
,
,
,
Chile’s constitutional process,"As a result of the Chilean referendum, a new constitutional process is likely to delay the implementation of President Boric’s agenda"
,
,
Country Risk Premiums Quarterly: August 2022,"Hydropower, manufacturing, and automotive sectors pushed the highest increases CRP"
,
,
US Monthly GDP Index for July 2022,"According to our Monthly US GDP Index, US GDP rose 0.4% in July."
,
,
US Weekly Economic Commentary: No recession through July,Fresh data suggest that the US economy did not enter a recession in the first half. We anticipate the US will avoid an outright recession.
,
,
,
Outbreak of major fighting near southern Tigray,Outbreak of major fighting near southern Tigray increases risk of wider conflict resuming in northern Ethiopia
,
,
,
,
Inflation and unrest in sub-Saharan Africa,We discuss political developments and the potential for social unrest in select sub-Saharan African countries over the next six months
,
,
,
,
,
Weekly Pricing Pulse: MPI shows the largest weekly increase since March,MPI increases as traders scramble for natural gas supply before winter season
,
,
,
,
Cresting global inflation gives world economy a soft landing,Global inflation is expected to moderate in 2023 and 2024. The global economy is expected to achieve a soft landing with real GDP averaging 2.5%...
,
,
,
The ascent of APAC in the global economy,"More youthful demographic profiles in India, Indonesia, Philippines, and Vietnam will drive rapid growth in consumption."
,
,
,
Weekly Pricing Pulse: Commodity prices slide on renewed demand fears,MPI decreases as interest rate rises hit investor confidence
,
,
,
Global recession watch: Inflation at a fever pitch,"Global recessions are typically characterized by the depth, breadth, and duration of a decline in economic activity. Are we there?"
,
,
,
Banking risk monthly outlook: August 2022,Our banking risk experts provide insight into events impacting the financial sector in emerging markets in August.
,
,
,
Weekly Pricing Pulse: Commodity prices rise on renewed energy supply fears,MPI increases after Russia announces cuts to European gas flows
,
,
,
,
US Monthly GDP Index for June 2022,"According to our Monthly US GDP Index, monthly GDP rose 0.2% in June."
,
,
What Europe’s gas curtailment plan will do to industries and regions,EU member states are expected to embark on national campaigns to reduce gas consumption in the household and commercial sectors.
,
,
,
,
Did the US economy contract over the first half of 2022? It’s a tale of two measures,In Q1 US real GDP declined but real GDI grew 1.8%. What do these numbers tell us about the direction of of economy?
,
,
,
,
Sri Lanka crisis raises alarm about further unrest in APAC region,"Countries with similarly weak economic fundamentals or poor economic policies have reduced resilience to external shocks, like inflation."
,
,
,
Weekly Pricing Pulse: Weak demand weighs on commodity markets,MPI drops for sixth week in a row as price correction continues
,
,
,
,
What is driving global volatility: Geopolitical constellations,"Recent events (Russia-Ukraine conflict, COVID-19 pandemic, China’s COVID containment measures and Brexit) crystallize that pressure points in..."
,
,
,
,
,
,
Mexico nearshoring potential for critical minerals,Materialization of the nearshoring potential across sectors including critical minerals would significantly improve Mexico’s economic standing....
,
,
,
Stagflation ahead? Understanding the drivers and economic impacts of higher inflation,Concerns about stagflation have emerged because high inflation is widespread and growth is slowing in some markets. Here’s what we’re watching....
,
,
,
,
"A global recession can be avoided, but risks are high",The global economy is projected to resume growth despite the risk of recession remains high in major economies due to accelerating monetary policy...
,
,
,
,
Weekly Pricing Pulse: Recession fears continue broad sell-off in commodity markets,Sharp declines in industrial metal prices drive MPI down
,
,
,
Regional inequality in France: Impact on future political stability,"in France, regional inequities are expected to grow over the next 5 years. Will this play a role in the upcoming elections?"
,
,
,
Growing appetite for copper threatens energy transition and climate goals,The goal of Net-Zero Emissions by 2050 will be short-circuited and remain out of reach unless massive new copper supply comes online in a timely...
,
,
,
,
,
Capital market conditions to remain difficult,"Issuance has been reduced over the last two weeks by the 4 July holiday and adverse US inflation data: despite some positive events, conditions..."
,
,
,
Weekly Pricing Pulse: Commodity markets continue to respond to recession fears,Insights from our MPI: Lumber and energy prices rise while most other commodity prices drop.
,
,
,
,
Not a Recession for the US—Yet,"inflation in the US is intolerably high, unemployment unsustainably low, and inflation expectations have crept worrisomely above the Federal..."
,
,
Sub-Saharan Africa feels inflationary heat from Russia-Ukraine war,"A global recession could prove more challenging for the SSA region this time around, with fewer tailwinds and buffers to avoid sluggish growth...."
,
,
,
Banking risk monthly outlook: July 2022,Our banking risk experts provide insight into events impacting the financial sector in emerging markets in July.
,
,
,
US Monthly GDP Index for May 2022,"According to our Monthly GDP Index, monthly US GDP declined 0.1% in May."
,
,
Weekly Pricing Pulse: Broad weakness offsets strong energy pricing,Natural gas prices jump again but most other commodity prices drop.
,
,
,
,
Why is mainland China sticking with “zero-COVID” policy?,Mainland China’s zero-Covid policy has exacted heavy tolls on the economy
,
,
,
,
Weekly Pricing Pulse: Growth fears spark broad sell-off on commodity markets,Sharp declines in industrial metal prices drive MPI down
,
,
Europe’s road to recession,An intensification of energy and monetary policy-related headwinds would raise the likelihood of recession in Europe.
,
,
,
,
"The global economic climate is shifting, as fighting inflation gains urgency","The global economic climate is shifting rapidly in June, putting forecasters on recession watch."
,
,
,
Capital Markets Weekly: Tightening monetary policy increasing financial dislocation risks,The European Central Bank held an unscheduled meeting on 15 June after expectations of tighter monetary policy in both the US and EU pushed peripheral...
,
,
,
Weekly Pricing Pulse: Commodities nudge up on higher costs,Prices increase again but markets remain uncertain per our Weekly Pricing Pulse
,
,
,
,
"Inflation, inflation, and more inflation",US inflation concerns led to a further tightening of financial conditions in the week ending June 10. An interest rate hike is on the horizon....
,
,
,
Devil in the detail: Beware the eurozone’s positive Q1 growth surprise,"At face value, the eurozone’s real GDP growth rates in Q1 were encouraging but a closer inspection of the expenditure data paints a much less..."
,
,
,
REPowerEU targets EU’s energy independence with limited official funding,"The proposed acceleration of the energy transition will require larger and faster investment, and the availability of funding will be key."
,
,
,
Russia-Ukraine war could amplify supply chain woes,"As the Russia-Ukraine conflict intensifies, we are seeing increased supply chain issues and the lingering effects of China’s Covid policy."
,
,
,
Weekly Pricing Pulse: Commodity prices edge up reversing last week's declines,Prices increase after another eventful week on commodity markets
,
,
,
,
The Central African Republic announces bitcoin as legal tender,"CAR became the second country globally, after El Salvador, to adopt bitcoin as legal tender. A look at the operational challenges"
,
,
Capital Markets Weekly: Equity supply and sovereign Green Bond issuance revival,Our latest report focuses on a selective revival in larger share sales and new sovereign issuance in the Green Bond Market.
,
,
,
Banking risk monthly outlook: June 2022,Our banking risk experts provide insight into events impacting the financial sector in emerging markets in June.
,
,
,
US Monthly GDP Index for April 2022,"According to our Monthly US GDP Index, monthly GDP rose 0.5% in April."
,
,
Weekly Pricing Pulse: Commodity prices rebound,Better news from mainland China on COVID-19 send commodity prices higher
,
,
,
,
MENA oil exporters will benefit from Russia–Ukraine war fallout through rising petrodollar inflows,"The MENA region, driven by large oil exporters, will benefit from the Russia-Ukraine war spillovers by spending additional petrodollars, thus..."
,
,
,
NATO applications by Sweden and Finland face Turkish opposition,Turkey’s implicit veto threat probably signifies an intent to extract concessions from other NATO members.
,
,
,
Serial disruptions threaten global economic growth,"We have revised our  2022 global GDP forecast down to 2.9% from 3.2%, global consumer price inflation projected to rise to 6.7% in 2022"
,
,
,
"G20 members’ views on Russia diverge, making expulsion unlikely","Splits within the G20 on Russia are an early indicator of increasing fault lines, affecting future political, security and trade relations."
,
,
,
Capital Markets Weekly: Emerging market financing environment worsening,"Although a Kazakh state borrower, Poland and Romania have all issued successfully since our 5 May report, overall market dynamics are worsening...."
,
,
,
Weekly Pricing Pulse: Commodity sell-off accelerates,Market sentiment sours over global growth concerns - latest insights from our MPI
,
,
,
Regime shift: Is higher inflation here to stay?,"A major change in approach is now required, with the anchoring of inflation expectations a priority"
,
,
Borderless threats in the digital age: Assessing cyber-risks on a country level,The prism of country risk can make a unique and valuable contribution to our understanding of the ever-growing cyber-threat environment in which...
,
,
Subnational economic spill over effects after Russia’s invasion in Ukraine,Regions specialized in sectors that have been adversely impacted by Russia’s invasion of Ukraine are set to face worse economic growth outlooks...
,
,
,
Weekly Pricing Pulse: Commodity prices continue to retreat,Gloomier demand outlook and higher interest rates dampened commodity prices last week
,
,
,
,
Migration outlook: Emerging push factors West Africa to Europe,The latest in a series of reports on migration in 2022 focuses on examples of economic and climate-related push factors in Europe and beyond.  ...
,
,
,
Banking risk monthly outlook: May 2022,Our banking risk experts provide insight into events impacting the financial sector in emerging markets in May.
,
,
,
"Capital Markets Weekly: Capital market conditions worsen, but significant deal successes are continuing",Reference rates and EU spreads worsened ahead of this week’s FOMC meeting but sizeable deals were well-received in both bond and equity markets....
,
,
,
,
Weekly Pricing Pulse: Softening demand pushes commodity prices lower,Market attention shifts towards lockdowns in mainland China as lower manufacturing activity suggests less demand for inputs
,
,
,
,
The Russia-Ukraine conflict: Beyond the nearer-term implications,"Despite intermittent ceasefire talks, no clear offramp to the conflict in Ukraine has yet emerged - our researchers look at possible scenarios..."
,
,
,
,
China (mainland) may move to limit impact of US financial weapons,Did the dollar’s weaponization against Russia initiate an irreversible fracturing of the global financial system?
,
,
,
,
US Monthly GDP Index for March 2022,"According to our Monthly US GDP Index, monthly GDP declined 0.4% in March."
,
,
Weekly Pricing Pulse: Commodity prices increases return,"After a brief respite, commodity prices climbed last week"
,
,
,
,
Capital Markets Weekly: Reference rates continue rising – but issuance continues to show durable demand,US 10-year reference yields have risen 50 basis points during April – but sizeable supply continues to be absorbed successfully.
,
,
,
Supply resilience is key to avoiding a global recession,World real GDP growth will likely slow to 3.2% in 2022; Supply resilience is key to avoiding a global recession
,
,
,
France’s presidential election: Possible scenarios,"If the incumbent president loses the election, the most significant policy divergence will be a shift in foreign policy, particularly with regard..."
,
,
,
Weekly Pricing Pulse: Commodity prices stay flat despite excitement in energy markets,The prospect of a Russian coal ban in Europe prevents commodity prices from falling outright
,
,
Weekly Pricing Pulse: Commodity prices down as energy markets calm,The prospect of increased oil supply provides some relief to commodity prices
,
,
,
"Capital Markets Weekly: Despite rising reference yields, improving equity supply and long-dated debt sales show financial market resilience","Although reference yields have risen sharply since early March, equity issuance is improving, and long-dated debt supply is proving resilient. ..."
,
,
,
Banking risk monthly outlook: April 2022,Our banking risk experts provide insight into events impacting the financial sector in emerging markets in April
,
,
,
Weekly Pricing Pulse: Commodity prices up as supply concerns continue,Doubts over natural gas flows from Russia heighten price volatility last week
,
,
,
US Monthly GDP Index for February 2022,Monthly GDP declined 0.1% in February
,
,
Capital Markets Weekly: Positive capital market indicators in late March alongside rising reference rates,Key market trends in March to watch include the rise in reference rates and the resilience of supply from riskier asset classes.
,
,
,
,
Russia’s invasion of Ukraine: The migration outlook,The current outflows of people from Ukraine represent the fastest growing refugee crisis in Europe since World War II.
,
,
Weekly Pricing Pulse: Commodity markets see their first retreat of 2022,Our Weekly pricing pulse: prices pull back from record highs
,
,
,
Political risk insurance for investment decision-making,Using a nuanced CRP to evaluate PRI coverage provides a more accurate assessment of risk
,
,
,
Capital Markets Weekly: Emerging market supply reopens successfully after Russian default initially averted,"During last week, Nigeria and Turkey successfully reopened emerging market supply, while Russia sovereign default reportedly was averted for..."
,
,
,
,
Russia-Ukraine war reshapes global geopolitical & economic outlook,"Russia-Ukraine war has fundamentally changed the global geopolitical landscape with impacts on economic & GDP recovery especially in US, Europe..."
,
,
,
European supply shock: Sectors and countries at most risk,"Russian-Ukrainian war exacerbates labor shortage, supply chain and transportation disruption, and global trade leading to broad-based implications..."
,
,
,
,
Weekly Pricing Pulse: “Everything” rally as Russia-Ukraine conflict rattles commodity markets,Our MPI jumped 5% as commodity prices surge on supply concerns and volatile trading conditions
,
,
,
Russia-Ukraine war and inflation,The soaring of global inflation rates driven by rising energy prices and other goods is aggravated by the economic impact of the Russia-Ukraine...
,
,
,
Weekly Pricing Pulse: Commodity prices break records as conflict war intensifies,MPI climbs to all-time high as traders scramble to secure supply
,
,
,
Financing sub-Saharan Africa’s energy transition,"SSA countries received insufficient financial pledges at COP26 to cover their full climate adaptation needs, but they did receive substantial..."
,
,
,
Regional and sectoral growth dynamics in Mexico,A state by state look at economic growth in Mexico
,
,
,
,
Banking risk monthly outlook: March 2022,Our banking risk experts provide insight into events impacting the financial sector in emerging markets in March
,
,
,
US Monthly GDP Index for January 2022,"According to our Monthly US GDP Index, monthly GDP was flat (0.0%) in January 2022."
,
,
Weekly Pricing Pulse: Commodity prices soar on supply concerns,MPI climbs to eleven-year high as panic grips commodity markets. Energy prices were the main contributor to the MPI’s increase last week.
,
,
,
Country Risk Premiums Quarterly: Q1 2022,Increases in CRP scores were driven by costs associated with capital transfer and expropriation risks in onshore gas and oil projects
,
,
,
Argentina-IMF deal advances,"With the deal, Argentina would avoid defaulting on its IMF liabilities in 2022 but shifts the risk to beyond 2023."
,
,
,
Weekly Pricing Pulse: Commodity prices dip after government intervention,Commodity markets eased last week; first decline in 2022
,
,
The global economy disrupted: Higher inflation and slower growth in the 2022 outlook,The global economic expansion will continue at a moderating pace in 2022 and 2023.
,
,
UK economy faces a difficult start to 2022 despite the end of COVID-19 restrictions,"The post-COVID-19 UK recovery faces strengthening headwinds, namely rampant inflation squeezing household budgets, persistent supply chain disruptions..."
,
,
,
The impact of civil unrest on Port Sudan,Rapid declines in Sudan’s exports and port calls in the second half of 2021 were caused by disruption resulting from the protest activity and...
,
,
,
Capital Markets Weekly: Emerging market issuers resist market volatility,"Three emerging market issuers including Turkey sold debt successfully this week, despite difficult conditions: Bolivia poses a pending test."
,
,
,
,
Weekly Pricing Pulse: Commodity prices jump as traders return,Broad gains on commodity markets as buyers snap up raw materials
,
,
,
,
Weekly Pricing Pulse: Commodity prices increase for fifth week in a row,Quieter week on commodity markets but prices continue to climb
,
,
,
,
Banking risk monthly outlook: February 2022,Our banking risk experts provide insight into events impacting the financial sector in emerging markets in February including loan prime rates...
,
,
,
Supply chains disruptions in Latin America,As we continue to watch global supply chain disruptions our experts take a close look at what this means for specific sectors in Latin America...
,
,
,
,
,
"US regional economic expectations for 2022: Employment, housing, and inflation",Our US Regional economists provide insights on their growth expectations for 2022
,
,
,
,
The Bank of Canada ends extraordinary guidance,The Bank of Canada's hawkish tone confirms resolute objective to bring inflation back to 2% target.
,
,
,
,
It's time for a paradigm shift in ESG,"A closer look at current practices in the field of social license, the bedrock of the S in ESG, reveals the opportunity to shift ESG from a compliance..."
,
,
Weekly Pricing Pulse: Strength in energy offsets softness in broader commodity markets,Natural gas and coal join oil in showing price strength
,
,
,
US Monthly GDP Index for December 2021,"According to our Monthly US GDP Index, monthly GDP rose 0.1% in December 2021."
,
,
Country risk month ahead: February 2022,Our country risk team provides a snapshot of the political risk shaping the world in February
,
,
,
Myanmar’s military completes one year in power,"Today is the one year anniversary of the coup in Myanmar. Current expectations: fighting with civilian militias likely, political resolution..."
,
,
,
Water: The dilemmas MENA governments are facing,"The MENA region has been increasingly affected by water-related issues. How will this increase the risks to economic development, and for violent..."
,
,
,
Weekly Pricing Pulse: Commodity price strength continues as oil reaches a seven-year high,"Since the end of November 2021, commodity markets have seen extraordinary volatility. This week oil reaches a seven-year high to send the MPI..."
,
,
,
The global economy disrupted: Higher inflation and slower growth in the 2022 outlook,Worldwide inflation will likely remain near 5.0% in early 2022 before gradually easing
,
,
,
Bubble trouble: Europe’s house price boom back in the spotlight,"Eurozone house price inflation hit a record high in Q3 2021, with upward momentum picking up during the COVID-19 pandemic."
,
,
,
Weekly Pricing Pulse: Early 2022 commodity price rally continues,Industrial metal prices spike to send the MPI higher last week.
,
,
,
,
Banking risk monthly outlook: Regional risks in 2022,"Our banking risk team explores key issues, trends, and developments that are likely to change the risk outlooks for banks at a regional level..."
,
,
,
Sudanese Prime Minister resigns,Hamdok’s resignation leaves the military in de facto control of the country by force but lacking in legitimacy. What's next?
,
,
,
The ECB will continue to support bond markets in 2022 despite lower net purchases,"Net purchases will be substantially lower than in 2021, but reinvestments of assets already on the ECB’s balance sheet will continue to provide..."
,
,
,
Weekly Pricing Pulse: Natural gas price decline outweighs broader price strength,"Natural gas prices retreat, pulling the MPI lower"
,
,
,
,
Emerging risks in Latin America in 2022,"Latin America begins 2022 in fragile condition given the COVID-19 economic impact, a deteriorated fiscal position, weak FDI, and high inflation...."
,
,
US Monthly GDP Index for November 2021,"According to our Monthly US GDP Index, monthly US GDP declined 0.8% in November."
,
,
Top themes to watch in global banking for 2022: Risk and uncertainty remain heightened,The banking sector avoided a major crisis in 2021. Will 2022 fair as well? Risks and uncertainty remain heightened
,
,
,
,
Weekly Pricing Pulse: Commodities rally after another energy price hike,"Natural gas prices surge once more, driving the MPI higher"
,
,
Census Bureau vintage 2021 population estimates: Illustrative of a continuing trend,"According to the Census Bureau, the estimated population of the US grew by 0.1%, the lowest rate since the nation’s founding"
,
,
MENA economic outlook 2022: Strengthening regional growth faces noticeable global headwinds,"The MENA region will witness healthy economic growth in the near term amid rising hydrocarbon revenues and ongoing COVID vaccination, but downside..."
,
,
Top-10 economic predictions for 2022: Multiple transitions,"Following a 5.6% rebound in 2021, Real GDP growth will settle at 4.3% in 2022.  Our Our top 10 economic predictions for 2022 highlights what's..."
,
,
,
,
The supply chain crisis: Q&A with our experts,The supply chain crisis is one with many facets. What we're seeing is not only disruptive. It's historic—the first major disjunction in the synchronized...
,
,
,
,
Weekly Pricing Pulse: Commodity prices rebound amid market volatility,Watching our MPI we note that market volatility is now driving commodity prices higher
,
,
,
,
US holiday sales growth will set a record in 2021,"The pandemic rages on, but that won’t stop Americans from spending with gusto—holiday sales up 16.6%."
,
,
,
Are European housing markets getting too hot?,House price increases in Europe accelerated since end-2020 despite GDP contractions - what's the downside risk?
,
,
,
Weekly Pricing Pulse: Commodity prices dip on Omicron concerns,Renewed threat from Omicron sends commodity prices down
,
,
,
Pastoralist violence in Kenya,Growing land-rights risks due to climate impacts and 2022 elections in Kenya leads to an increase in violence.
,
,
,
,
Banking risk monthly outlook: December 2021,Our banking risk experts provide insight into events impacting the financial sector in emerging markets in December.
,
,
,
What's driving the influx of global migration?,Traditional drivers of irregular migration including security and conflict have an impact on everything from supply chains and labor markets...
,
,
,
,
US Monthly GDP Index for October 2021,"According to our Monthly GDP Index, monthly US GDP rose 1.5% in October."
,
,
Weekly Pricing Pulse: Commodity prices edge up,"Rising metal prices send commodities higher, but downside risks emerge"
,
,
,
Capital Markets Weekly: Supply affected by Thanksgiving holiday and renewed COVID-related concerns,Capital Markets Weekly: Supply affected by Thanksgiving holiday and renewed COVID-related concerns
,
Weekly Pricing Pulse: Commodity prices recover after recent sell-off,Volatility in natural gas markets send commodity prices higher last week
,
,
,
,
Country Risk Premiums Quarterly: Q4 2021,"Projects located in sub-Saharan Africa have recorded the largest increase in Country Risk Premiums (CRPs) since the third-quarter update, as..."
,
,
,
,
"Global economic growth, inflation will slow in 2022","S&P Global forecasts global real GDP will increase 5.5% in 2021, 4.2% in 2022"
,
,
,
Challenges on the horizon for global financial sector,"What's in store for the global financial sector in 2022? Our banking risk expert, Alyssa Grzelak, provides some insights"
,
,
,
,
Canada’s September merchandise trade surplus widened due to constrained automotive production,Strong energy exports provided some offset for automotive trade flows that saw a second consecutive month of substantial losses.
,
,
,
Four trends that could upend the US housing market,What's' happening to the US housing market? These four trends are ones to watch
,
,
,
Bank of Canada ends quantitative easing and switches to reinvestment phase,Temporary high inflation will persist as the Bank of Canada shifts to reinvestment phase which will then be followed by policy tightening in...
,
,
,
Weekly Pricing Pulse: Commodity prices slump once again,"Commodity markets remain rattled, but price correction bodes well for inflation outlook"
,
,
,
Capital Markets Weekly: Heavy post FOMC supply indicates absence of “taper tantrum”,A sizeable and broad-ranging debt calendar indicates limited fallout from the Federal Reserve’s tapering decision.
,
,
,
Pressure eases on Egypt’s funding for FY2021-2022,Recent pressures on Egypt’s short-term funding were largely reversed with Saudi Arabia’s announcement on 31 October that it is providing Egypt...
,
,
Weekly Pricing Pulse: Commodity prices in free fall,Mainland Chinese intervention sparks a broad commodity sell-off
,
,
,
,
