Type Market,Market Name,Market Price,Market Update,Market Update in %
Index,S&P 500,"4,129.20",+10.03,0.24%
Index,Dow Jones Industrial Average,"33,487.87",-73.94,0.22%
Index,Nasdaq Composite,"12,179.55",-77.37,0.63%
Index,Russell 2000 Index,"1,772.51",+18.04,1.03%
Index,S&P/TSX Composite Index,"20,636.27",+50.54,0.25%
Index,IBOVESPA,"107,448.21",+334.55,0.31%
Index,NYSE Composite,"15,349.17",-3.64,0.024%
Index,Dow Jones Transportation Average,"13,970.97",+12.67,0.091%
Index,Dow Jones Utility Average,965.07,+5.89,0.61%
Index,S&P Latin America 40,"2,559.76",+0.39,0.015%
Index,VIX,16.47,-1.24,7.00%
Index,Russell 1000 Index,"2,271.86",+8.73,0.39%
Index,Dow Jones U.S. Total Stock Market Index,"41,171.80",+123.94,0.30%
Index,Barron's 400 Index,901.03,+1.32,0.15%
Index,NASDAQ Composite Total Return,"14,690.39",-92.90,0.63%
Index,Nasdaq-100,"13,201.11",-90.53,0.68%
Index,NASDAQ-100 Total Return,"15,725.26",-107.32,0.68%
Index,NASDAQ Transportation Index,"5,770.37",+9.31,0.16%
Index,NASDAQ Biotechnology Index,"4,234.32",+6.19,0.15%
Index,Nasdaq Financial-100,"4,137.73",-15.74,0.38%
Index,Nasdaq Bank,"2,724.54",-15.21,0.56%
Index,Nasdaq Insurance,"11,572.46",-53.97,0.46%
Index,Nasdaq Industrial,"8,168.95",-33.18,0.40%
Index,Nasdaq Computer,"9,911.19",-83.43,0.83%
Index,S&P 400,"2,449.02",+4.16,0.17%
Index,S&P 600,"1,133.51",+7.28,0.65%
Index,Russell 2500 Index,759.49,+8.59,1.14%
Index,Russell 3000 Index,"2,382.46",+20.11,0.85%
Index,NYSE American Composite Index,"4,018.60",-42.40,1.04%
Index,Value Line Geometric Index,540.10,+0.12,0.022%
Index,NYSE Arca Biotechnology Index,"5,323.05",+51.63,0.98%
Index,NYSE Arca Pharmaceutical Index,889.41,+1.65,0.19%
Index,KBW Nasdaq Bank Index,75.10,+0.026,0.034%
Index,Philadelphia Gold and Silver Index,140.06,-0.087,0.062%
Index,PHLX Oil Service Sector,74.81,+0.089,0.12%
Index,PHLX Semiconductor Sector,"2,967.84",-56.57,1.87%
