"GOED UNTIL RELEASE AT 8:30 a.m. EST, Thursday, December 8, 2022 B"
cal: Jacob Hinson  301-278-9686 GdpbyCounty@bea.go
Frank Baumgardner 301-278-9229
:Connie O’Connell 301-278-9003 Connie.OConnell@bea
"Gross Domestic Product by County, 2021"
"oss domestic product (GDP) increased in 2,404 counties, decreased in 691 counties, and"
"ged in 17 counties in 2021, according to estimates released today by the U.S. Bureau of"
ic Analysis (BEA). The percent change in real GDP ranged from 81.8 percent in Coke Cou
".8 percent in Chouteau County, MT (table 1)."
