News
"Warren Buffett said that Berkshire Hathaway doesn't plan on taking full control of Occidental Petroleum . ""There's speculation about us buying control... We're not going to buy control,"" the 92-year-old legendary investor ..."
"U.S. stock indexes opened higher on Friday, after four consecutive days of losses, as robust April jobs report tempered fears of an economic slowdown. The Dow Jones Industrial Average  gained 376 points, or 1.1%, to 33,504..."
U.S. stock indexes opened lower on Thursday as investors assessed the latest Federal Reserve decision which hiked the interest rate by 25 basis points and opened the door to a long-awaited pause in its tightening campaign....
"U.S. exchange-traded funds that invest in bank stocks were steady on Monday morning after regulators seized troubled First Republic Bank , making it the second-largest bank failure in U.S. history, and promptly sold all of..."
"U.S. stock indexes opened mixed after JPMorgan Chase & Co said Monday it has won the auction to take over fallen First Republic Bank after regulators seized the San Francisco-based lender, resulting in the third failure of..."
"U.S. stock indexes opened lower on Friday after Amazon warned about a slowdown in its cloud business, while strong inflation data cemented expectations for higher rates in the U.S.. The Dow Jones Industrial Average  droppe..."
Some investors see a hard landing for the U.S. economy this year resulting from the sharply higher interest rates engineered by the Federal Reserve to quell inflation and tighter credit conditions in the wake of regional b...
Stock-market bulls didn't take comfort in the Fed's hints at a potential pause in the rate-hike cycle.
"""It's generous but expensive,"" said Mimi Duff at GenTrust about a Federal Reserve liquidity program helping to alleviate stress at banks from lost deposits."
"'I'm really turning more bearish,' Jeffrey Gundlach, CEO of DoubleLine, tells CNBC on Wednesday, after the Federal Reserve's rate hike, while warning of more stress in the banking system."
"A surprisingly early debt-ceiling deadline and recent regional-bank woes probably won’t keep the Federal Reserve from raising interest rates at its policy meeting on Wednesday, according to BlackRock’s Rick Rieder."
The SPDR S&P Regional Banking ETF ended Tuesday with its biggest daily drop since the banking-sector turmoil in mid-March.
"First Republic Bank's spot in the S&P 500 Index will be replaced by Axon Enterprise Inc., S&P Dow Jones Indices said on Monday."
AMC Entertainment Holdings Chairman and CEO Adam Aron lashed out at Robinhood Markets in a Monday tweet after the company briefly ran a banner wrongly declaring that the movie-theater chain had filed for bankruptcy.
Berkshire Hathaway Vice Chair Charlie Munger tells newspaper that U.S. banks are “full of” bad commercial-property loans.
"U.S. regulators have asked banks for their best and final takeover offers for First Republic by Sunday afternoon, in a move that authorities hope will calm markets and cap a period of uncertainty for regional lenders."
"This year’s stock market rally has been 'very narrow' and may not be sustainable, according to Seema Shah, chief global strategist at Principal Asset Management."
Congress might not raise the U.S. debt ceiling until close to the deadline – or until financial markets force their hands.
"A small group of technology giants have propped up the U.S. stock market this year, creating high anticipation for their upcoming earnings reports."
"Company earnings season for the first quarter is 'off to a decent start,' according to RBC Capital Markets."
