Unnamed: 0,Unnamed: 1,Billions of dollars,Percent change from preceding period,Unnamed: 2,Unnamed: 3,Unnamed: 4,Unnamed: 5,Unnamed: 6,Unnamed: 7,Unnamed: 8,Unnamed: 9,Unnamed: 10
,,2020,2021,2022,Seasonally adjusted at annual rates,2021,2022,Quarterly rates,Quarterone yearago,,,
,,,2021,2022,2022,2022,,,,,,
,,,Q4,Q1,Q2,Q3,Q4,Q1,Q2,Q3,Q4,Q4
1,Corporate profits with inventoryvaluation and capital consumptionadjustments,"2,260.12,771.12,952.6","2,865.92,869.63,001.33,000.02,939.5",22.66.6,0.14.60.0-2.0,2.6,1,,,,,
,Less: Taxes on corporate income,288.9388.2473.8,430.0495.1478.7457.0464.3,34.422.0,15.1-3.3-4.51.6,8.0,,,,,,
3,Equals: Profits after tax withinventory valuation and capitalconsumption adjustments,"1,971.22,382.82,478.8","2,435.92,374.62,522.62,543.02,475.2",20.94.0,-2.56.20.8-2.7,1.6,3,,,,,
,Net dividends,"1,541.31,659.31,705.4","1,730.21,743.61,740.41,683.91,653.8",7.72.8,0.8-0.2-3.2-1.8,-4.4,,,,,,
5,Undistributed profits with inventoryvaluation and capital consumptionadjustments,429.9723.6773.4,705.7631.0782.2859.0821.4,68.36.9,-10.624.09.8-4.4,16.4,5,,,,,
,Addenda for corporate cash flow:,,,,,,,,,,,
6,Net cash flow with inventoryvaluation adjustment,"2,374.72,778.93,018.3","2,852.12,837.62,954.03,135.63,146.0",17.08.6,-0.54.16.10.3,10.3,6,,,,,
,Undistributed profits with inventoryvaluation and capital consumptionadjustments,429.9723.6773.4,705.7631.0782.2859.0821.4,68.36.9,-10.624.09.8-4.4,16.4,,,,,,
8,Consumption of fixed capital,"1,958.52,068.22,302.7","2,146.12,206.22,275.62,343.32,385.6",5.611.3,2.83.13.01.8,11.2,8,,,,,
,Less: Capital transfers paid (net)Addenda:,13.612.857.8,-0.3-0.4103.766.861.1,....................,........................................,...............,,,,,,
10,Profits before tax (without inventoryvaluation and capital consumptionadjustments),"2,399.83,138.13,345.9","3,190.73,328.53,521.83,347.83,185.6",30.86.6,4.35.8-4.9-4.8,-0.2,10,,,,,
,Profits after tax (without inventoryvaluation and capital consumptionadjustments),"2,110.92,749.82,872.2","2,760.82,833.43,043.12,890.82,721.3",30.34.4,2.67.4-5.0-5.9,-1.4,,,,,,
12,Inventory valuation adjustment,-26.4-256.9-130.8,-189.4-246.9-269.1-59.852.5,....................,........................................,...............,12,,,,,
Capital consumption adjustment,-113.4-110.1-262.5,-135.5-212.0-251.4-288.0-298.6,....................,........................................,...............,,,,,,,
