Unnamed: 0,Unnamed: 1,Unnamed: 2,Unnamed: 3,Unnamed: 4,Seasonally adjusted at annual rates,Unnamed: 5,Unnamed: 6
Line,,2020,2021,2022 r,2021 2022,,Line
,,,,,rQ4 Q1 Q2 Q3 Q4,,
1,Gross domestic product (GDP),"21,060.5","23,315.1","25,462.7","24,349.1 24,740.5 25,248.5 25,723.9 26,138.0",,1
2,Plus: Income receipts from the rest of the world,971.3,"1,087.0","1,256.2","1,120.9 1,147.1 1,231.3 1,292.1 1,354.6",,2
3,Less: Income payments to the rest of the world,774.3,913.9,"1,078.8","939.5 958.4 1,023.3 1,130.6 1,203.1",,3
4,Equals: Gross national product,"21,257.4","23,488.2","25,640.1","24,530.6 24,929.2 25,456.4 25,885.4 26,289.5",,4
5,Less: Consumption of fixed capital,"3,577.8","3,831.6","4,284.7","3,984.9 4,113.6 4,242.1 4,358.1 4,425.1",,5
6,Less: Statistical discrepancy,-214.9,-128.9,-198.8,-124.2 -277.0 -269.3 -243.7 -5.0,,6
7,Equals: National income,"17,894.6","19,785.5","21,554.1","20,669.9 21,092.6 21,483.6 21,771.0 21,869.4",,7
8,Compensation of employees,"11,592.7","12,538.5","13,600.6","13,044.4 13,259.7 13,415.2 13,755.0 13,972.6",,8
9,Wages and salaries,"9,457.4","10,290.1","11,223.5","10,748.4 10,925.5 11,058.0 11,361.0 11,549.3",,9
10,Supplements to wages and salaries,"2,135.4","2,248.4","2,377.1","2,296.0 2,334.2 2,357.1 2,394.0 2,423.2",,10
11,Proprietors' income with inventory valuation and capital,,,,,,
,consumption adjustments,"1,643.1","1,753.6","1,848.3","1,789.8 1,811.4 1,835.4 1,863.5 1,882.9",,11
12,Rental income of persons with capital consumption adjustment,719.8,723.8,781.9,739.6 744.9 775.9 794.9 811.8,,12
13,Corporate profits with inventory valuation and capital,,,,,,
,consumption adjustments,"2,260.1","2,771.1","2,952.6","2,865.9 2,869.6 3,001.3 3,000.0 2,939.5",,13
14,Net interest and miscellaneous payments,665.8,644.1,542.1,621.5 630.2 608.2 515.7 414.5,,14
15,Taxes on production and imports less subsidies,869.0,"1,181.5","1,648.7","1,424.3 1,604.9 1,652.0 1,670.6 1,667.5",,15
16,Business current transfer payments (net),144.1,171.0,183.3,178.8 170.1 198.7 177.7 186.7,,16
17,Current surplus of government enterprises,-0.1,2.1,-3.4,5.8 1.8 -3.0 -6.4 -6.1,,17
,Addenda:,,,,,,
18,Gross domestic income (GDI),"21,275.4","23,444.0","25,661.5","24,473.3 25,017.5 25,517.8 25,967.6 26,143.0",,18
19,Average of GDP and GDI,"21,167.9","23,379.6","25,562.1","24,411.2 24,879.0 25,383.1 25,845.8 26,140.5",,19
20,Statistical discrepancy as a percentage of GDP,-1.0,-0.6,-0.8,-0.5 -1.1 -1.1 -0.9,0.0,20
