industries the leading contributor to,Unnamed: 0
the decrease was construction. 10,
8,
6,
Within private services-producing 4,
"industries, an increase in 2",
"professional, scientific, and technical 0",
services was partly offset by a -2,
decrease in retail trade. -4,
GDP-6,
Privat,
The increase in government reflected -8 Privat,
-10,
an increase in state and local Gover,
-12,
government. 2018 2019 2020 2021,
U.S. Bureau of Economic Analysis,
"Contributions to Percent Change in Real GDP by Industry Group, 2022",
Real GDP increased 2.1 percent,
Private goodsPrivate servicesGovernment,
"Professional, scientific, and technical services",
Information,
Real estate and rental and leasing,0.0
Administrative and waste management services 0.30,
Health care and social assistance 0.29,
"Arts, entertainment, and recreation 0.20",
State and local government 0.16,
Accommodation and food services 0.16,
Durable goods manufacturing 0.15,
Management of companies and enterprises 0.14,
"Other services, except government 0.08",
Transportation and warehousing 0.07,
Finance and insurance 0.06,
Educational services 0.05,
Wholesale trade 0.02,
Federal government 0.00,
"Agriculture, forestry, fishing, and hunting -0.03",
Utilities -0.04,
Nondurable goods manufacturing -0.11,
