Unnamed: 0,Unnamed: 1,2020,2021,2022 r,Seasonally adjusted at annual rates,Unnamed: 2,Unnamed: 3
,,,2021,2022,,,
,,,Q4,Q1,Q2,Q3,Q4 r
1,Personal income 1,"19,832.321,294.821,809.0","21,162.121,319.821,578.321,969.522,368.3",1,,,
,Compensation of employees,"11,592.712,538.513,600.6","13,044.413,259.713,415.213,755.013,972.6",,,,
3,Wages and salaries,"9,457.410,290.111,223.5","10,748.410,925.511,058.011,361.011,549.3",3,,,
,Supplements to wages and salaries,"2,135.42,248.42,377.1","2,296.02,334.22,357.12,394.02,423.2",,,,
5,Proprietors' income with inventory valuation andcapital consumption adjustments,"1,643.11,753.61,848.3","1,789.81,811.41,835.41,863.51,882.9",5,,,
,Farm,45.251.391.7,43.974.495.795.9100.9,,,,
7,Nonfarm,"1,597.91,702.21,756.6","1,745.91,737.01,739.71,767.61,782.0",7,,,
,Rental income of persons with capital consumption adjustment,719.8723.8781.9,739.6744.9775.9794.9811.8,,,,
9,Personal income receipts on assets,"3,095.43,202.43,343.9","3,258.53,269.93,323.03,358.83,424.0",9,,,
,Personal interest income,"1,647.31,658.61,726.6","1,657.51,670.81,708.61,738.11,789.0",,,,
11,Personal dividend income,"1,448.11,543.91,617.3","1,601.01,599.11,614.41,620.71,635.0",11,,,
,Personal current transfer receipts,"4,231.24,617.33,910.7","3,925.73,868.73,883.23,892.83,998.2",,,,
13,"Less: Contributions for government social insurance,domestic","1,450.01,540.81,676.5","1,595.81,634.71,654.41,695.61,721.1",13,,,
,Less: Personal current taxes,"2,236.42,661.73,200.7","2,806.13,145.53,188.53,236.53,232.3",,,,
15,Equals: Disposable personal income,"17,595.918,633.118,608.3","18,356.118,174.418,389.818,733.019,136.0",15,,,
,Less: Personal outlays,"14,603.616,389.817,922.5","17,019.017,389.517,798.718,124.518,377.2",,,,
17,Equals: Personal saving,"2,992.32,243.4685.8","1,337.1784.9591.1608.5758.8",17,,,
,Personal saving as a percentage of disposablepersonal incomeAddenda:,17.012.03.7,7.34.33.23.24.0,,,,
19,"Personal income excluding current transfer receipts,billions of chained (2012) dollars 2","14,036.814,424.314,570.8","14,589.614,507.514,453.714,610.214,711.6",19,,,
"Disposable personal income, billions of chained (2012)dollars 2","15,831.616,115.715,148.9","15,537.315,108.815,021.215,140.615,324.9",,,,,
