Unnamed: 0,Unnamed: 1,Unnamed: 2,Unnamed: 3,Unnamed: 4,Unnamed: 5,Seasonally adjusted at annual rates,Unnamed: 6,Unnamed: 7
Line,,2020 2021,,2022,2021,2022,,Line
,,,,,Q4,Q1 Q2 Q3 r Q4,,
,,Billions of dollars,,,,,,
1,Gross value added of nonfinancial corporate business,"10,351.0 11,774.6",,"13,125.8","12,362.0","12,684.9 13,046.1 13,322.9 13,449.2",,1
2,Consumption of fixed capital,"1,709.3 1,801.3",,"2,005.6","1,867.2","1,921.6 1,982.0 2,040.5 2,078.2",,2
3,Net value added,"8,641.7 9,973.3",,"11,120.2","10,494.7","10,763.3 11,064.0 11,282.4 11,371.1",,3
4,Compensation of employees,"6,327.8 6,955.6",,"7,660.3","7,295.2","7,432.5 7,550.8 7,761.5 7,896.4",,4
5,Wages and salaries,"5,329.1 5,888.2",,"6,519.4","6,202.2","6,314.4 6,420.1 6,611.3 6,731.7",,5
6,Supplements to wages and salaries,"998.7 1,067.4",,"1,140.9","1,093.0","1,118.1 1,130.7 1,150.2 1,164.6",,6
7,Taxes on production and imports less subsidies,550.3 789.2,,"1,056.0",914.7,"1,024.1 1,060.0 1,071.4 1,068.3",,7
8,Net operating surplus,"1,763.5 2,228.6",,"2,403.9","2,284.8","2,306.7 2,453.2 2,449.5 2,406.4",,8
9,Net interest and miscellaneous payments,287.9 285.4,,273.5,287.2,292.4 287.7 268.3 245.5,,9
10,Business current transfer payments (net),88.3 96.6,,91.6,91.5,92.0 90.9 90.5 93.0,,10
11,Corporate profits with inventory valuation and capital consumption adjustments,"1,387.3 1,846.5",,"2,038.9","1,906.0","1,922.4 2,074.6 2,090.7 2,067.8",,11
12,Taxes on corporate income,204.0 280.9,,377.6,314.9,395.9 399.7 358.9 355.8,,12
13,Profits after tax with inventory valuation and capital consumption adjustments,"1,183.3 1,565.6",,"1,661.3","1,591.2","1,526.5 1,674.9 1,731.8 1,712.0",,13
14,Net dividends,"850.2 1,042.2",,902.5,"1,126.5",960.4 939.8 831.1 878.9,,14
15,Undistributed profits with inventory valuation and capital consumption adjustments,333.1 523.5,,758.8,464.7,566.1 735.1 900.7 833.1,,15
,Addenda:,,,,,,,
16,Profits before tax (without inventory valuation and capital consumption adjustments),"1,455.6 2,140.7",,"2,342.6","2,154.4","2,298.2 2,507.0 2,345.2 2,219.9",,16
17,Profits after tax (without inventory valuation and capital consumption adjustments),"1,251.6 1,859.8",,"1,965.0","1,839.6","1,902.3 2,107.3 1,986.3 1,864.1",,17
18,Inventory valuation adjustment,-26.4 -256.9,,-130.8,-189.4,-246.9 -269.1 -59.8 52.5,,18
19,Capital consumption adjustment,-41.9 -37.3,,-172.9,-59.0,-128.9 -163.3 -194.7 -204.6,,19
,,Billions of chained (2012) dollars,,,,,,
20,Gross value added of nonfinancial corporate business 1,"9,210.3 9,976.6",,"10,189.8","10,165.8","10,134.7 10,119.7 10,226.4 10,275.3",,20
21,Consumption of fixed capital 2,"1,622.4 1,668.5",,"1,762.4","1,695.1","1,719.4 1,748.3 1,777.0 1,804.9",,21
22,Net value added 3,"7,587.8 8,308.2",,"8,427.5","8,470.8","8,415.3 8,371.4 8,449.4 8,470.4",,22
,,Dollars; quarters seasonally adjusted,,,,,,
,"Price, costs, and profits per unit of real gross value added",,,,,,,
,of nonfinancial corporate business:,,,,,,,
23,Price per unit of real gross value added of nonfinancial,,,,,,,
,corporate business 4,1.124 1.180,,1.288,1.216,1.252 1.289 1.303 1.309,,23
24,Compensation of employees (unit labor cost),0.687 0.697,,0.752,0.718,0.733 0.746 0.759 0.768,,24
25,Unit nonlabor cost,0.286 0.298,,0.336,0.311,0.329 0.338 0.339 0.339,,25
26,Consumption of fixed capital,0.186 0.181,,0.197,0.184,0.190 0.196 0.200 0.202,,26
27,Taxes on production and imports less subsidies,,,,,,,
,plus business current transfer payments (net),0.069 0.089,,0.113,0.099,0.110 0.114 0.114 0.113,,27
28,Net interest and miscellaneous payments,0.031 0.029,,0.027,0.028,0.029 0.028 0.026 0.024,,28
29,Corporate profits with inventory valuation and capital,,,,,,,
,consumption adjustments (unit profits from current production),0.151 0.185,,0.200,0.187,0.190 0.205 0.204 0.201,,29
30,Taxes on corporate income,0.022 0.028,,0.037,0.031,0.039 0.039 0.035 0.035,,30
31,Profits after tax with inventory valuation and capital consumption adjustments,0.128 0.157,,0.163,0.157,0.151 0.166 0.169 0.167,,31
